-- V21__update_jpd326_new_data.sql

-- Insert Lesson 502: Từ vựng mở rộng
INSERT INTO lessons (id, course_id, title, title_jp, category, level, content) 
VALUES (502, 'jpd326', 'Từ vựng (Phần 2)', '語彙（パート２）', 'Từ vựng', 'N3', 'Danh sách từ vựng bổ sung.');

INSERT INTO vocabularies (lesson_id, word, reading, meaning) VALUES (502, '気候', 'きこう', 'khí hậu');
INSERT INTO vocabularies (lesson_id, word, reading, meaning) VALUES (502, 'コーナー', 'コーナー', 'góc; cạnh');
INSERT INTO vocabularies (lesson_id, word, reading, meaning) VALUES (502, '南北', 'なんぼく', 'nam bắc');
INSERT INTO vocabularies (lesson_id, word, reading, meaning) VALUES (502, '島', 'しま', 'đảo');
INSERT INTO vocabularies (lesson_id, word, reading, meaning) VALUES (502, '山林', 'さんりん', 'núi rừng');
INSERT INTO vocabularies (lesson_id, word, reading, meaning) VALUES (502, '地形', 'ちけい', 'địa hình');
INSERT INTO vocabularies (lesson_id, word, reading, meaning) VALUES (502, '位置する', 'いちする', 'ở vị trí đó');
INSERT INTO vocabularies (lesson_id, word, reading, meaning) VALUES (502, '蒸し暑い', 'むしあつい', 'nóng oi bức');
INSERT INTO vocabularies (lesson_id, word, reading, meaning) VALUES (502, '太平洋側', 'たいへいようがわ', 'Thái bình dương');
INSERT INTO vocabularies (lesson_id, word, reading, meaning) VALUES (502, 'ペンション', 'ペンション', 'nhà cho nhân viên');
INSERT INTO vocabularies (lesson_id, word, reading, meaning) VALUES (502, '割合', 'わりあい', 'tỉ lệ');
INSERT INTO vocabularies (lesson_id, word, reading, meaning) VALUES (502, '例年', 'れいねん', 'hằng năm');
INSERT INTO vocabularies (lesson_id, word, reading, meaning) VALUES (502, '連なる', 'つらなる', 'nối tiếp');
INSERT INTO vocabularies (lesson_id, word, reading, meaning) VALUES (502, '恵まれる', 'めぐまれる', 'được ban tặng');
INSERT INTO vocabularies (lesson_id, word, reading, meaning) VALUES (502, '展望台', 'てんぼうだい', 'đài quan sát');
INSERT INTO vocabularies (lesson_id, word, reading, meaning) VALUES (502, '美しい', 'うつくしい', 'đẹp');
INSERT INTO vocabularies (lesson_id, word, reading, meaning) VALUES (502, '平野', 'へいや', 'đồng bằng');
INSERT INTO vocabularies (lesson_id, word, reading, meaning) VALUES (502, '庭', 'にわ', 'khu vườn');
INSERT INTO vocabularies (lesson_id, word, reading, meaning) VALUES (502, '家庭', 'かてい', 'nhà');
INSERT INTO vocabularies (lesson_id, word, reading, meaning) VALUES (502, '石垣', 'いしがき', 'Tường đá; thành đá');
INSERT INTO vocabularies (lesson_id, word, reading, meaning) VALUES (502, '名園', 'めいえん', 'vườn nổi tiếng');
INSERT INTO vocabularies (lesson_id, word, reading, meaning) VALUES (502, '囲む', 'かこむ', 'bao quanh');
INSERT INTO vocabularies (lesson_id, word, reading, meaning) VALUES (502, '複雑', 'ふくざつ', 'phức tạp');
INSERT INTO vocabularies (lesson_id, word, reading, meaning) VALUES (502, '地域', 'ちいき', 'khu vực, vùng');
INSERT INTO vocabularies (lesson_id, word, reading, meaning) VALUES (502, '温帯', 'おんたい', 'ôn đới');
INSERT INTO vocabularies (lesson_id, word, reading, meaning) VALUES (502, '乾燥する', 'かんそうする', 'khô hạn');
INSERT INTO vocabularies (lesson_id, word, reading, meaning) VALUES (502, '乾く', 'かわく', 'khô');
INSERT INTO vocabularies (lesson_id, word, reading, meaning) VALUES (502, '曇り', 'くもり', 'trời nhiều mây');
INSERT INTO vocabularies (lesson_id, word, reading, meaning) VALUES (502, '平均', 'へいきん', 'trung bình');
INSERT INTO vocabularies (lesson_id, word, reading, meaning) VALUES (502, '音声', 'おんせい', 'âm thanh, giọng nói');
INSERT INTO vocabularies (lesson_id, word, reading, meaning) VALUES (502, '瓦', 'かわら', 'ngói mái nhà');
INSERT INTO vocabularies (lesson_id, word, reading, meaning) VALUES (502, '軒', 'のき', 'mái hiên');
INSERT INTO vocabularies (lesson_id, word, reading, meaning) VALUES (502, '塀', 'へい', 'hàng rào');
INSERT INTO vocabularies (lesson_id, word, reading, meaning) VALUES (502, '石', 'いし', 'đá');
INSERT INTO vocabularies (lesson_id, word, reading, meaning) VALUES (502, '日差し', 'ひざし', 'ánh sáng');
INSERT INTO vocabularies (lesson_id, word, reading, meaning) VALUES (502, '鉄筋', 'てっきん', 'Cốt thép chịu lực (bê tông), sắt thép');
INSERT INTO vocabularies (lesson_id, word, reading, meaning) VALUES (502, '筋肉', 'きんにく', 'cơ bắp');
INSERT INTO vocabularies (lesson_id, word, reading, meaning) VALUES (502, '気象', 'きしょう', 'khí tượng');
INSERT INTO vocabularies (lesson_id, word, reading, meaning) VALUES (502, '固める', 'かためる', 'làm cứng/ cố định');
INSERT INTO vocabularies (lesson_id, word, reading, meaning) VALUES (502, '小論文', 'しょうろんぶん', 'bài tiểu luận ngắn');
INSERT INTO vocabularies (lesson_id, word, reading, meaning) VALUES (502, '畳み', 'たたみ', 'chiếu tatami');
INSERT INTO vocabularies (lesson_id, word, reading, meaning) VALUES (502, '畳む', 'たたむ', 'gấp lại');
INSERT INTO vocabularies (lesson_id, word, reading, meaning) VALUES (502, '現金', 'げんきん', 'tiền mặt');
INSERT INTO vocabularies (lesson_id, word, reading, meaning) VALUES (502, '現代', 'げんだい', 'thời hiện đại');
INSERT INTO vocabularies (lesson_id, word, reading, meaning) VALUES (502, '電子マネー', 'でんしまねー', 'Ví điện tử');
INSERT INTO vocabularies (lesson_id, word, reading, meaning) VALUES (502, 'セメント', 'セメント', 'xi măng');
INSERT INTO vocabularies (lesson_id, word, reading, meaning) VALUES (502, 'コンクリート', 'コンクリート', 'bê tông');
INSERT INTO vocabularies (lesson_id, word, reading, meaning) VALUES (502, 'フローリング', 'フローリング', 'sàn gỗ');
INSERT INTO vocabularies (lesson_id, word, reading, meaning) VALUES (502, 'しっくい', 'しっくい', 'thạch cao');
INSERT INTO vocabularies (lesson_id, word, reading, meaning) VALUES (502, '屋根', 'やね', 'mái nhà');
INSERT INTO vocabularies (lesson_id, word, reading, meaning) VALUES (502, '床', 'ゆか', 'sàn nhà');
INSERT INTO vocabularies (lesson_id, word, reading, meaning) VALUES (502, '柱', 'はしら', 'cột');
INSERT INTO vocabularies (lesson_id, word, reading, meaning) VALUES (502, '天井', 'てんじょう', 'Trần nhà');
INSERT INTO vocabularies (lesson_id, word, reading, meaning) VALUES (502, '壁', 'かべ', 'tường');
INSERT INTO vocabularies (lesson_id, word, reading, meaning) VALUES (502, '金属', 'きんぞく', 'Kim loại');
INSERT INTO vocabularies (lesson_id, word, reading, meaning) VALUES (502, '光', 'ひかり', 'ánh sáng');
INSERT INTO vocabularies (lesson_id, word, reading, meaning) VALUES (502, '備える', 'そなえる', 'chuẩn bị, trang bị');
INSERT INTO vocabularies (lesson_id, word, reading, meaning) VALUES (502, '加える', 'くわえる', 'thêm vào');
INSERT INTO vocabularies (lesson_id, word, reading, meaning) VALUES (502, '工夫', 'くふう', 'sự sáng tạo cải tiến');
INSERT INTO vocabularies (lesson_id, word, reading, meaning) VALUES (502, '熱帯', 'ねったい', 'nhiệt đới');
INSERT INTO vocabularies (lesson_id, word, reading, meaning) VALUES (502, '寒帯', 'かんたい', 'hàn đới');
INSERT INTO vocabularies (lesson_id, word, reading, meaning) VALUES (502, '雷', 'かみなり', 'sấm');
INSERT INTO vocabularies (lesson_id, word, reading, meaning) VALUES (502, '村', 'むら', 'làng mạc');
INSERT INTO vocabularies (lesson_id, word, reading, meaning) VALUES (502, '陸地', 'りくち', 'đất liền');
INSERT INTO vocabularies (lesson_id, word, reading, meaning) VALUES (502, '体調', 'たいちょう', 'tình trạng (người)');
INSERT INTO vocabularies (lesson_id, word, reading, meaning) VALUES (502, '調子', 'ちょうし', 'tình trạng (người + vật)');
INSERT INTO vocabularies (lesson_id, word, reading, meaning) VALUES (502, '調査', 'ちょうさ', 'điều tra');
INSERT INTO vocabularies (lesson_id, word, reading, meaning) VALUES (502, '和菓子', 'わがし', 'bánh kẹo Nhật');
INSERT INTO vocabularies (lesson_id, word, reading, meaning) VALUES (502, '港', 'みなと', 'cảng');
INSERT INTO vocabularies (lesson_id, word, reading, meaning) VALUES (502, '空港', 'くうこう', 'sân bay');
INSERT INTO vocabularies (lesson_id, word, reading, meaning) VALUES (502, '栄える', 'さかえる', 'hưng thịnh');
INSERT INTO vocabularies (lesson_id, word, reading, meaning) VALUES (502, '栄養', 'えいよう', 'dinh dưỡng');
INSERT INTO vocabularies (lesson_id, word, reading, meaning) VALUES (502, '食欲', 'しょくよく', 'sự thèm ăn');
INSERT INTO vocabularies (lesson_id, word, reading, meaning) VALUES (502, '砂浜', 'すなはま', 'bãi cát');
INSERT INTO vocabularies (lesson_id, word, reading, meaning) VALUES (502, '周辺', 'しゅうへん', 'vùng xung quanh');
INSERT INTO vocabularies (lesson_id, word, reading, meaning) VALUES (502, '地区', 'ちく', 'quận; khu vực; khu');
INSERT INTO vocabularies (lesson_id, word, reading, meaning) VALUES (502, '商業', 'しょうぎょう', 'thương mại');
INSERT INTO vocabularies (lesson_id, word, reading, meaning) VALUES (502, '～年代', 'ねんだい', 'niên đại');
INSERT INTO vocabularies (lesson_id, word, reading, meaning) VALUES (502, '中華街', 'ちゅうかがい', 'phố người Hoa');
INSERT INTO vocabularies (lesson_id, word, reading, meaning) VALUES (502, '商店街', 'しょうてんがい', 'phố mua sắm');
INSERT INTO vocabularies (lesson_id, word, reading, meaning) VALUES (502, '都市', 'とし', 'đô thị');
INSERT INTO vocabularies (lesson_id, word, reading, meaning) VALUES (502, '都会', 'とかい', 'thành phố lớn');
INSERT INTO vocabularies (lesson_id, word, reading, meaning) VALUES (502, '県庁', 'けんちょう', 'cơ quan hành chính tỉnh');
INSERT INTO vocabularies (lesson_id, word, reading, meaning) VALUES (502, '訪れる', 'おとずれる', 'viếng thăm');
INSERT INTO vocabularies (lesson_id, word, reading, meaning) VALUES (502, '訪問する', 'ほうもんする', 'viếng thăm');
INSERT INTO vocabularies (lesson_id, word, reading, meaning) VALUES (502, '延びる', 'のびる', 'kéo dài (deadline, thời hạn, dây chun)');
INSERT INTO vocabularies (lesson_id, word, reading, meaning) VALUES (502, '伸びる', 'のびる', 'kéo dài (chiều dọc, thân người)');
INSERT INTO vocabularies (lesson_id, word, reading, meaning) VALUES (502, '農村', 'のうそん', 'nông thôn');
INSERT INTO vocabularies (lesson_id, word, reading, meaning) VALUES (502, '村', 'むら', 'xóm làng');
INSERT INTO vocabularies (lesson_id, word, reading, meaning) VALUES (502, '名づける', 'なづける', 'đặt tên');
INSERT INTO vocabularies (lesson_id, word, reading, meaning) VALUES (502, '埋め立てる', 'うめたてる', 'lấp; chôn lấp');
INSERT INTO vocabularies (lesson_id, word, reading, meaning) VALUES (502, '埋める・掘る', 'うめる・ほる', 'chôn / đào');
INSERT INTO vocabularies (lesson_id, word, reading, meaning) VALUES (502, '浜', 'はま', 'bãi biển');
INSERT INTO vocabularies (lesson_id, word, reading, meaning) VALUES (502, '地名', 'ちめい', 'tên địa danh');
INSERT INTO vocabularies (lesson_id, word, reading, meaning) VALUES (502, '風景', 'ふうけい', 'phong cảnh');
INSERT INTO vocabularies (lesson_id, word, reading, meaning) VALUES (502, '光景', 'こうけい', 'quang cảnh, khung cảnh');
INSERT INTO vocabularies (lesson_id, word, reading, meaning) VALUES (502, '景色', 'けしき', 'cảnh sắc');
INSERT INTO vocabularies (lesson_id, word, reading, meaning) VALUES (502, '纏まる・纏める', 'まとまる・まとめる', 'tổng hợp');
INSERT INTO vocabularies (lesson_id, word, reading, meaning) VALUES (502, '地方', 'ちほう', 'khu vực, vùng');
INSERT INTO vocabularies (lesson_id, word, reading, meaning) VALUES (502, '名産品', 'めいさんひん', 'đặc sản');
INSERT INTO vocabularies (lesson_id, word, reading, meaning) VALUES (502, '頑固', 'がんこ', 'ngoan cố, cứng đầu, bảo thủ');
INSERT INTO vocabularies (lesson_id, word, reading, meaning) VALUES (502, '海洋', 'かいよう', 'đại dương');
INSERT INTO vocabularies (lesson_id, word, reading, meaning) VALUES (502, '職人', 'しょくにん', 'nghệ nhân');
INSERT INTO vocabularies (lesson_id, word, reading, meaning) VALUES (502, '生物', 'せいぶつ', 'sinh vật');
INSERT INTO vocabularies (lesson_id, word, reading, meaning) VALUES (502, '化石', 'かせき', 'hóa thạch');
INSERT INTO vocabularies (lesson_id, word, reading, meaning) VALUES (502, '辺り', 'あたり', 'vùng xung quanh (không tính nó)');
INSERT INTO vocabularies (lesson_id, word, reading, meaning) VALUES (502, '産業', 'さんぎょう', 'công nghiệp chế tạo, sản xuất');
INSERT INTO vocabularies (lesson_id, word, reading, meaning) VALUES (502, '盛ん', 'さかん', 'thịnh hành');
INSERT INTO vocabularies (lesson_id, word, reading, meaning) VALUES (502, '企業', 'きぎょう', 'công ty Nhật');
INSERT INTO vocabularies (lesson_id, word, reading, meaning) VALUES (502, '発展', 'はってん', 'phát triển');


-- Insert Grammar points
-- Lesson 406: （〜が）〜を占める
INSERT INTO lessons (id, course_id, title, title_jp, category, level, content) 
VALUES (406, 'jpd326', '[06] を占める', 'を占める (Chiếm)', 'Ngữ pháp', 'N3', 'Ý nghĩa: Chiếm (tỉ lệ, vị trí...)');
INSERT INTO lesson_grammar (lesson_id, grammar_point, sort_order) VALUES (406, 'N + を占める', 0);
INSERT INTO lesson_examples (lesson_id, example, sort_order) VALUES (406, '日本は森林が国土の約3分の2を占めている。→ Rừng chiếm khoảng 2/3 diện tích Nhật Bản.', 0);
INSERT INTO lesson_examples (lesson_id, example, sort_order) VALUES (406, 'この会社で外国人が占める割合は40％です。→ Tỉ lệ người nước ngoài chiếm trong công ty này là 40%.', 1);

-- Lesson 407: 〜のような/〜のように
INSERT INTO lessons (id, course_id, title, title_jp, category, level, content) 
VALUES (407, 'jpd326', '[07] のような/のように', 'のような/のように (Giống như)', 'Ngữ pháp', 'N3', 'Ý nghĩa: Theo như / Giống như... Dùng để bắt đầu một lời giải thích hoặc ví von.');
INSERT INTO lesson_grammar (lesson_id, grammar_point, sort_order) VALUES (407, 'N + のような + N / N + のように + V/A', 0);
INSERT INTO lesson_examples (lesson_id, example, sort_order) VALUES (407, '京都のような歴史のある町に住んでみたいです。→ Tôi muốn sống ở một khu phố có bề dày lịch sử như Kyoto.', 0);
INSERT INTO lesson_examples (lesson_id, example, sort_order) VALUES (407, '私はケーキや和菓子のように甘い食べ物が大好きです。→ Tôi rất thích những đồ ăn ngọt giống như bánh kem hay wagashi.', 1);

-- Lesson 408: 〜として
INSERT INTO lessons (id, course_id, title, title_jp, category, level, content) 
VALUES (408, 'jpd326', '[08] として', 'として (Với tư cách là)', 'Ngữ pháp', 'N3', 'Ý nghĩa: Với tư cách là, như là, đứng trên lập trường của... Dùng để nói về tư cách, lập trường, vai trò của người nào đó, hay thể loại, loại hình của vật/sự việc.');
INSERT INTO lesson_grammar (lesson_id, grammar_point, sort_order) VALUES (408, 'N + として', 0);
INSERT INTO lesson_examples (lesson_id, example, sort_order) VALUES (408, '彼はたった１人の医者としてこの島で働いています。→ Anh ấy đang làm việc trên hòn đảo này với tư cách là bác sĩ duy nhất.', 0);
INSERT INTO lesson_examples (lesson_id, example, sort_order) VALUES (408, '北海道小樽市は、明治時代に港町として栄えていました。→ Thành phố Otaru của Hokkaido từng hưng thịnh như là một thành phố cảng vào thời Meiji.', 1);

-- Lesson 409: 〜に限る
INSERT INTO lessons (id, course_id, title, title_jp, category, level, content) 
VALUES (409, 'jpd326', '[09] に限る', 'に限る (Chỉ giới hạn / Là nhất)', 'Ngữ pháp', 'N3', 'Ý nghĩa: Chỉ trong giới hạn (Nに限り) / Đúng vào (Nに限って) / Là tốt nhất (Vる/Vない/A/N に限る)');
INSERT INTO lesson_grammar (lesson_id, grammar_point, sort_order) VALUES (409, 'N + に限り / N + に限って / V(る/ない) + に限る', 0);
INSERT INTO lesson_examples (lesson_id, example, sort_order) VALUES (409, 'この券をご持参のお客様に限り、200円割引いたします。→ Chỉ giảm giá 200 yên giới hạn cho những quý khách có mang theo phiếu này.', 0);
INSERT INTO lesson_examples (lesson_id, example, sort_order) VALUES (409, '遅刻してはいけないときに限って、寝坊してしまう。→ Đúng vào lúc không được đi trễ thì lại ngủ quên.', 1);
INSERT INTO lesson_examples (lesson_id, example, sort_order) VALUES (409, '体の調子が悪いときには早く寝るに限る。→ Khi tình trạng cơ thể không tốt thì ngủ sớm là tốt nhất.', 2);

-- Lesson 410: 〜を中心に（して）
INSERT INTO lessons (id, course_id, title, title_jp, category, level, content) 
VALUES (410, 'jpd326', '[10] を中心に', 'を中心に (Tập trung vào, chú trọng)', 'Ngữ pháp', 'N3', 'Ý nghĩa: Tập trung vào ~, chú trọng ~, chủ yếu ~');
INSERT INTO lesson_grammar (lesson_id, grammar_point, sort_order) VALUES (410, 'N + を中心に（して） / N + を中心として', 0);
INSERT INTO lesson_examples (lesson_id, example, sort_order) VALUES (410, '横浜はみなとみらい21地区を中心に商業地区が広がっています。→ Ở Yokohama, khu thương mại đang được mở rộng tập trung vào khu Minatomirai 21.', 0);
INSERT INTO lesson_examples (lesson_id, example, sort_order) VALUES (410, '私のクラスはパクさんを中心として、よくまとまっています。→ Lớp tôi rất đoàn kết, tập trung quanh bạn Park.', 1);

SELECT setval('lessons_id_seq', (SELECT MAX(id) FROM lessons));
SELECT setval('vocabularies_id_seq', (SELECT MAX(id) FROM vocabularies));
